Country,Sum of Revenue
United Kingdom,7308391.553999998
Netherlands,285446.34000000096
EIRE,265545.8999999997
Germany,228867.13999999996
France,209024.04999999978
Australia,138521.30999999968
Spain,61577.109999999884
Switzerland,56443.94999999988
Belgium,41196.340000000055
